,Dishwasher,fridge,light,washer dryer,microwave,kettle,computer,oven
dw,0.99644128113879,0.0,0.00026945462384134514,0.0,0.0,0.0,,
fr,0.0,0.8748647023451593,0.0281849536538047,0.0,0.0005947071067499256,0.0,,
li,0.0,0.12164762477450392,0.870392325932313,0.0,0.0002973535533749628,0.0,,
wd,0.0035587188612099642,0.0001803968731208659,0.0011317094201336495,1.0,0.0,0.0,,
mw,0.0,0.0004810583283223091,0.005550765251131709,0.0,0.9815640796907523,0.009109311740890687,,
ket,0.0,0.0001803968731208659,0.0032334554860961413,0.0,0.017543859649122806,0.9908906882591093,,
comp,0.0,0.0025856885147324113,0.06687863763742186,0.0,0.0,0.0,,
oven,0.0,6.0132291040288637e-05,0.024358697995257597,0.0,0.0,0.0,,
